{"cameraMode":{"drawMode":0,"name":"Shaded","section":"Shading Mode"},"sceneLighting":true,"audioPlay":false,"sceneViewState":{"showFog":true,"showMaterialUpdate":true,"showSkybox":true,"showFlares":true,"showImageEffects":true,"showParticleSystems":true},"in2DMode":false,"pivot":{"x":375.86016845703127,"y":122.3395767211914,"z":-2.4114227294921877},"rotation":{"x":-0.021531209349632264,"y":0.7033803462982178,"z":-0.02132631279528141,"w":-0.7101673483848572},"size":94.28632354736328,"orthographic":true}