{"cameraMode":{"drawMode":0,"name":"Shaded","section":"Shading Mode"},"sceneLighting":true,"audioPlay":false,"sceneViewState":{"showFog":true,"showMaterialUpdate":true,"showSkybox":true,"showFlares":true,"showImageEffects":true,"showParticleSystems":true},"in2DMode":false,"pivot":{"x":529.8241577148438,"y":909.1514282226563,"z":0.0},"rotation":{"x":0.0056897858157753948,"y":-0.003902662778273225,"z":-0.00002279567524965387,"w":-0.9999762773513794},"size":1626.7362060546875,"orthographic":false}