{"cameraMode":{"drawMode":0,"name":"Shaded","section":"Shading Mode"},"sceneLighting":true,"audioPlay":false,"sceneViewState":{"showFog":true,"showMaterialUpdate":true,"showSkybox":true,"showFlares":true,"showImageEffects":true,"showParticleSystems":true},"in2DMode":false,"pivot":{"x":543.3016967773438,"y":176.8403778076172,"z":0.0},"rotation":{"x":-0.03926611691713333,"y":-0.04135935381054878,"z":0.0016258760588243604,"w":-0.9983711838722229},"size":14722.5849609375,"orthographic":true}