{"cameraMode":{"drawMode":0,"name":"Shaded","section":"Shading Mode"},"sceneLighting":true,"audioPlay":false,"sceneViewState":{"showFog":true,"showMaterialUpdate":true,"showSkybox":true,"showFlares":true,"showImageEffects":true,"showParticleSystems":true},"in2DMode":false,"pivot":{"x":0.0,"y":0.0008016675710678101,"z":1.3307671546936036},"rotation":{"x":0.3918309211730957,"y":0.5388970971107483,"z":-0.3117070198059082,"w":0.6774195432662964},"size":4.088991641998291,"orthographic":false}