{"cameraMode":{"drawMode":0,"name":"Shaded","section":"Shading Mode"},"sceneLighting":true,"audioPlay":false,"sceneViewState":{"showFog":true,"showMaterialUpdate":true,"showSkybox":true,"showFlares":true,"showImageEffects":true,"showParticleSystems":true},"in2DMode":false,"pivot":{"x":0.0,"y":0.7021846175193787,"z":0.043191373348236087},"rotation":{"x":0.22307005524635316,"y":0.01754566840827465,"z":-0.00401579262688756,"w":0.9746362566947937},"size":3.0428457260131838,"orthographic":false}